XKALM, YKALM, XCZYST, YCZYST, KZAD, WZAD, WYS, CZAS 

-1.483, 0.020, -1.153, 0.555, 0, 5, 28.9, 887476305
-1.482, 0.015, -1.150, 0.385, 0, 5, 28.3, 887476459
-1.476, -0.003, -1.139, -0.477, 0, 5, 28.4, 887476568
-1.477, -0.011, -1.406, -0.089, 0, 5, 28.3, 887476682
-1.483, 0.000, -1.400, 0.396, 0, 5, 28.9, 887476767
-1.483, 0.010, -1.156, -0.138, 0, 5, 28.1, 887476871
-1.482, 0.027, -1.195, 0.128, 0, 5, 29.0, 887476980
-1.478, 0.013, -1.268, -0.202, 0, 5, 28.6, 887477101
-1.481, 0.007, -1.310, -0.372, 0, 5, 28.7, 887477193
-1.479, -0.006, -1.403, 0.160, 0, 5, 28.1, 887477301
-1.479, -0.018, -1.257, -0.641, 0, 5, 28.3, 887477403
-1.482, 0.005, -1.231, 0.401, 0, 5, 28.7, 887477500
-1.481, -0.010, -1.193, -0.317, 0, 5, 28.5, 887477566
-1.481, -0.003, -1.387, -0.355, 6, 5, 28.7, 887477679
-1.485, 0.039, -1.316, 0.249, 6, 5, 28.5, 887477777
-1.489, 0.298, -1.967, 0.269, 6, 5, 28.2, 887477880
-1.490, 0.874, -1.576, 1.745, 6, 5, 28.5, 887477980
-1.463, 1.837, -1.204, 3.955, 6, 5, 28.1, 887478082
-1.468, 2.322, -1.179, 5.683, 6, 5, 28.4, 887478182
-1.463, 3.387, -1.180, 6.766, 6, 5, 28.8, 887478279
-1.458, 4.148, -1.281, 8.115, 6, 5, 28.5, 887478381
-1.450, 4.469, -1.010, 8.636, 6, 5, 28.9, 887478485
-1.441, 4.403, -1.128, 7.418, 6, 5, 28.6, 887478585
-1.438, 4.167, -0.967, 6.782, 6, 5, 28.8, 887478683
-1.435, 3.901, -1.332, 5.392, 6, 5, 29.0, 887478783
-1.440, 3.886, -1.180, 5.321, 6, 5, 28.2, 887478878
-1.433, 3.996, -1.324, 4.819, 6, 5, 28.7, 887478980
-1.425, 4.257, -1.215, 6.062, 6, 5, 28.8, 887479060
-1.438, 4.484, -1.352, 5.690, 6, 5, 28.5, 887479168
-1.436, 4.953, -1.236, 6.795, 6, 5, 28.7, 887479284
-1.434, 5.064, -1.129, 7.107, 6, 5, 28.7, 887479379
-1.431, 5.052, -1.083, 6.266, 6, 5, 28.2, 887479483
-1.423, 4.998, -1.164, 6.087, 6, 5, 28.7, 887479576
-1.414, 5.058, -1.027, 5.892, 6, 5, 28.8, 887479688
-1.425, 5.164, -1.471, 5.856, 6, 5, 28.6, 887479803
-1.419, 5.275, -1.254, 5.829, 6, 5, 28.3, 887479882
-1.414, 5.362, -1.133, 6.874, 6, 5, 28.6, 887479989
-1.404, 5.427, -1.124, 6.432, 6, 5, 28.6, 887480080
-1.404, 5.423, -1.395, 5.726, 6, 5, 28.6, 887480189
-1.408, 5.455, -0.985, 6.115, 6, 5, 28.5, 887480282
-1.407, 5.494, -1.052, 6.663, 6, 5, 28.6, 887480384
-1.409, 5.552, -1.196, 5.783, 6, 5, 28.9, 887480484
-1.409, 5.572, -1.285, 6.005, 6, 5, 28.6, 887480587
-1.408, 5.636, -1.172, 6.447, 6, 5, 28.5, 887480682
-1.409, 5.699, -1.317, 6.488, 6, 5, 28.4, 887480802
-1.404, 5.717, -1.394, 5.730, 6, 5, 28.7, 887480906
-1.402, 5.747, -0.999, 6.127, 6, 5, 28.5, 887481024
-1.407, 5.809, -1.293, 6.300, 6, 5, 28.7, 887481148
-1.404, 5.822, -1.210, 5.875, 6, 5, 28.8, 887481243
-1.394, 5.836, -1.171, 5.842, 6, 5, 28.5, 887481343
-1.391, 5.869, -0.932, 6.760, 6, 5, 28.4, 887481443
-1.390, 5.901, -0.987, 6.288, 6, 5, 28.7, 887481552
-1.389, 5.902, -1.216, 5.567, 6, 5, 28.8, 887481641
-1.390, 5.915, -1.023, 6.153, 6, 5, 28.8, 887481742
-1.396, 5.939, -1.130, 6.642, 6, 5, 28.8, 887481840
-1.402, 5.959, -1.299, 5.863, 6, 5, 28.8, 887481942
-1.399, 5.959, -1.264, 5.622, 6, 5, 28.4, 887482041
-1.399, 5.971, -1.089, 6.572, 6, 5, 28.5, 887482141
-1.395, 6.011, -1.039, 6.668, 6, 5, 28.9, 887482245
-1.397, 6.017, -1.204, 5.668, 6, 5, 28.4, 887482344
-1.391, 6.015, -1.135, 5.756, 6, 5, 29.0, 887482441
-1.385, 6.032, -1.039, 6.414, 6, 5, 29.3, 887482544
-1.390, 6.060, -1.428, 6.016, 6, 5, 28.9, 887482641
-1.395, 6.029, -0.990, 5.913, 6, 5, 28.7, 887482756
-1.392, 6.023, -1.097, 5.975, 6, 5, 28.4, 887482884
-1.391, 6.066, -0.981, 6.604, 6, 5, 28.4, 887482988
-1.395, 6.084, -1.458, 6.404, 6, 5, 28.5, 887483084
-1.393, 6.075, -1.191, 5.707, 6, 5, 29.1, 887483186
-1.397, 6.060, -1.104, 5.706, 6, 5, 28.6, 887483284
-1.400, 6.067, -1.395, 6.427, 6, 5, 28.7, 887483393
-1.410, 6.096, -1.183, 6.427, 6, 5, 28.6, 887483490
-1.407, 6.105, -1.219, 6.174, 6, 5, 28.9, 887483584
-1.408, 6.090, -1.279, 5.559, 6, 5, 28.8, 887483682
-1.409, 6.080, -1.233, 6.107, 6, 5, 29.0, 887483789
-1.410, 6.088, -1.047, 6.442, 6, 5, 28.8, 887483889
-1.414, 6.108, -1.157, 6.529, 6, 5, 28.7, 887483989
-1.415, 6.120, -1.349, 6.356, 6, 5, 28.5, 887484091
-1.415, 6.109, -1.201, 5.605, 6, 5, 28.5, 887484189
-1.407, 6.106, -1.223, 5.772, 6, 5, 28.7, 887484291
-1.408, 6.108, -1.310, 6.507, 6, 5, 28.8, 887484373
-1.402, 6.134, -1.364, 6.555, 0, 5, 28.5, 887484502
-1.419, 5.951, -1.042, 6.493, 0, 5, 28.9, 887484602
-1.428, 5.437, -1.229, 5.503, 0, 5, 28.3, 887484707
-1.434, 4.868, -0.933, 4.157, 0, 5, 28.7, 887484803
-1.443, 4.302, -1.447, 2.547, 0, 5, 28.6, 887484906
-1.450, 3.466, -1.242, 1.274, 0, 5, 28.3, 887485003
-1.465, 2.807, -1.180, -0.089, 0, 5, 28.6, 887485128
-1.481, 1.784, -1.334, -1.740, 0, 5, 28.2, 887485231
-1.491, 1.098, -1.179, -2.442, 0, 5, 28.3, 887485338
-1.507, 0.511, -1.425, -4.030, 0, 5, 28.2, 887485462
-1.519, -0.060, -1.302, -4.138, 0, 5, 28.5, 887485561
-1.520, -0.282, -1.250, -3.458, 0, 5, 28.7, 887485666
-1.507, -0.272, -1.588, -3.733, 0, 5, 28.7, 887485765
-1.528, -0.126, -1.434, -2.829, 0, 5, 28.9, 887485860
-1.528, 0.128, -1.004, -1.199, 0, 5, 28.6, 887485963
-1.496, 0.420, -0.984, 0.104, 0, 5, 28.9, 887486066
-1.479, 0.812, -1.590, 0.596, 0, 5, 28.8, 887486161
-1.477, 1.070, -0.962, 1.349, 0, 5, 28.7, 887486269
-1.462, 1.343, -1.247, 1.609, 0, 5, 28.9, 887486383
-1.461, 1.444, -1.260, 2.199, 0, 5, 28.9, 887486492
-1.460, 1.364, -1.201, 1.257, 0, 5, 28.8, 887486587
-1.464, 1.204, -1.191, 1.417, 0, 5, 28.3, 887486691
-1.463, 1.062, -1.236, 1.163, 0, 5, 28.7, 887486789
-1.460, 0.767, -1.248, 0.574, 0, 5, 28.2, 887486893
-1.462, 0.516, -1.356, -0.024, 0, 5, 28.2, 887486991
-1.464, 0.331, -1.143, -0.316, 0, 5, 28.1, 887487090
-1.470, 0.163, -1.258, -0.877, 0, 5, 28.6, 887487191
-1.473, 0.113, -1.301, -0.404, 0, 5, 28.1, 887487299
-1.487, 0.074, -1.374, -0.634, 0, 5, 29.0, 887487400
-1.483, 0.162, -1.147, 0.160, 0, 5, 28.7, 887487505
-1.474, 0.219, -1.151, -0.324, 0, 5, 28.6, 887487607
-1.468, 0.290, -1.188, -0.227, 0, 5, 28.4, 887487707
-1.468, 0.342, -1.113, 0.418, 0, 5, 28.9, 887487807
-1.473, 0.350, -1.423, 0.096, 0, 5, 28.7, 887487915
-1.474, 0.328, -1.241, 0.169, 0, 5, 28.5, 887488034
-1.478, 0.275, -1.427, -0.487, 0, 5, 28.4, 887488140
-1.475, 0.232, -1.167, 0.388, 0, 5, 29.0, 887488244
-1.474, 0.152, -1.245, -0.680, 0, 5, 28.5, 887488352
-1.481, 0.083, -1.223, -0.502, 0, 5, 28.6, 887488464
-1.477, 0.050, -1.407, -0.461, 0, 5, 28.5, 887488580
-1.484, 0.047, -1.252, -0.138, 0, 5, 29.0, 887488664
-1.483, 0.027, -1.455, -0.598, 0, 5, 28.0, 887488766
-1.480, 0.039, -1.315, -0.218, 0, 5, 29.0, 887488884
-1.473, 0.002, -1.139, -0.509, 0, 5, 28.2, 887488979
-1.473, 0.004, -1.173, 0.112, 0, 5, 28.2, 887489092
-1.468, -0.004, -1.214, 0.056, 0, 5, 28.7, 887489198
-1.466, -0.012, -1.237, -0.801, 0, 5, 28.4, 887489307
-1.470, -0.023, -1.229, -0.016, 0, 5, 28.9, 887489412
-1.465, -0.015, -1.168, -0.398, 0, 5, 28.6, 887489543
-1.472, 0.006, -1.202, 0.572, 0, 5, 28.4, 887489655
-1.472, 0.006, -1.438, 0.314, 0, 5, 28.8, 887489786
-1.473, 0.020, -1.225, 0.426, 0, 5, 28.3, 887489848
-1.473, 0.009, -0.987, 0.408, -6, 5, 28.4, 887490001
-1.483, -0.126, -1.070, -0.065, -6, 5, 28.7, 887490082
-1.492, -0.427, -0.958, -0.983, -6, 5, 29.0, 887490178
-1.492, -1.166, -1.585, -2.663, -6, 5, 28.0, 887490283
-1.502, -1.920, -1.218, -3.503, -6, 5, 29.1, 887490381
-1.514, -2.875, -1.052, -5.774, -6, 5, 28.7, 887490480
-1.528, -3.979, -1.324, -8.054, -6, 5, 28.8, 887490576
-1.565, -5.596, -0.842, -11.103, -6, 5, 28.2, 887490681
-1.594, -6.789, -1.181, -13.183, -6, 5, 29.0, 887490784
-1.616, -8.245, -1.234, -15.450, -6, 5, 28.4, 887490880
-1.637, -9.717, -1.505, -16.750, -6, 5, 28.4, 887490994
-1.649, -10.325, -1.416, -16.874, -6, 5, 28.2, 887491088
-1.674, -10.296, -1.973, -16.648, -6, 5, 28.8, 887491190
-1.691, -9.923, -2.136, -14.587, -6, 5, 28.3, 887491306
-1.637, -8.825, -1.020, -10.838, -6, 5, 28.8, 887491439
-1.600, -7.608, -1.484, -7.811, -6, 5, 28.5, 887491556
-1.574, -6.451, -1.714, -5.595, -6, 5, 29.0, 887491655
-1.556, -5.156, -0.830, -2.421, -6, 5, 28.3, 887491786
-1.530, -4.222, -1.871, -1.670, -6, 5, 28.5, 887491882
-1.494, -3.284, -1.119, -0.024, -6, 5, 28.9, 887491987
-1.498, -2.896, -1.057, 0.375, -6, 5, 28.6, 887492101
-1.512, -2.953, -0.923, 0.161, -6, 5, 28.5, 887492179
-1.506, -3.187, -1.487, -1.609, -6, 5, 28.6, 887492282
-1.526, -3.808, -1.000, -2.557, -6, 5, 28.8, 887492381
-1.538, -4.489, -1.394, -4.985, -6, 5, 28.3, 887492477
-1.558, -5.539, -1.400, -6.871, -6, 5, 29.1, 887492579
-1.579, -6.513, -1.336, -9.380, -6, 5, 28.1, 887492677
-1.593, -7.485, -1.673, -11.453, -6, 5, 28.1, 887492782
-1.609, -8.370, -1.290, -12.125, -6, 5, 28.1, 887492881
-1.610, -9.119, -1.370, -12.965, -6, 5, 28.5, 887492981
-1.607, -9.328, -1.473, -12.646, -6, 5, 28.3, 887493080
-1.608, -9.417, -1.463, -12.992, -6, 5, 28.7, 887493182
-1.587, -9.131, -1.055, -11.380, -6, 5, 28.6, 887493281
-1.562, -8.534, -1.043, -9.730, -6, 5, 28.9, 887493381
-1.555, -8.196, -1.202, -8.161, -6, 5, 28.6, 887493481
-1.549, -7.367, -1.411, -6.510, -6, 5, 28.2, 887493594
-1.538, -6.493, -1.529, -5.236, -6, 5, 28.8, 887493704
-1.534, -5.689, -1.352, -3.905, -6, 5, 28.4, 887493816
-1.543, -4.727, -1.402, -2.306, -6, 5, 28.6, 887493943
-1.545, -4.316, -0.991, -1.403, -6, 5, 28.8, 887494039
-1.535, -4.109, -1.291, -1.873, -6, 5, 29.3, 887494153
-1.526, -4.180, -1.096, -2.023, -6, 5, 28.7, 887494246
-1.523, -4.395, -1.059, -3.309, -6, 5, 28.7, 887494347
-1.534, -4.871, -1.187, -4.013, -6, 5, 28.5, 887494465
-1.549, -5.517, -1.576, -6.426, -6, 5, 28.5, 887494589
-1.568, -6.411, -1.597, -7.634, -6, 5, 28.5, 887494710
-1.570, -6.897, -1.180, -8.015, -6, 5, 28.5, 887494818
-1.587, -7.575, -1.580, -9.178, -6, 5, 28.4, 887494946
-1.591, -7.776, -1.202, -9.314, -6, 5, 28.3, 887495042
-1.597, -7.807, -1.326, -9.197, -6, 5, 28.4, 887495149
-1.578, -7.662, -1.978, -9.121, -6, 5, 28.5, 887495241
-1.586, -7.467, -1.608, -8.557, -6, 5, 28.5, 887495342
-1.598, -7.075, -1.606, -7.985, -6, 5, 28.6, 887495443
-1.599, -6.669, -1.306, -6.360, -6, 5, 28.8, 887495541
-1.578, -6.478, -0.834, -5.348, -6, 5, 28.6, 887495654
-1.566, -5.899, -1.172, -5.220, -6, 5, 28.5, 887495766
-1.561, -5.680, -1.095, -4.176, -6, 5, 28.4, 887495888
-1.552, -5.543, -1.333, -4.864, -6, 5, 28.2, 887495990
-1.556, -5.548, -1.306, -4.763, -6, 5, 28.1, 887496089
-1.566, -5.669, -1.393, -5.583, -6, 5, 28.8, 887496204
-1.565, -5.820, -1.294, -5.429, -6, 5, 28.4, 887496317
-1.572, -6.108, -1.275, -5.720, -6, 5, 28.8, 887496445
-1.571, -6.258, -1.335, -6.750, -6, 5, 28.6, 887496546
-1.580, -6.399, -1.466, -6.765, -6, 5, 28.5, 887496641
-1.580, -6.399, -1.503, -6.532, -6, 5, 28.8, 887496746
-1.584, -6.373, -1.351, -6.796, -6, 5, 28.7, 887496845
-1.583, -6.330, -1.333, -6.070, -6, 5, 28.4, 887496930
-1.578, -6.256, -1.280, -6.406, -6, 5, 28.6, 887497044
-1.574, -6.173, -1.394, -6.196, -6, 5, 28.2, 887497146
-1.573, -6.088, -1.497, -5.378, -6, 5, 28.6, 887497242
-1.569, -6.073, -1.366, -5.679, -6, 5, 28.6, 887497317
-1.559, -6.086, -1.248, -6.019, -6, 5, 28.9, 887497432
-1.569, -6.078, -1.234, -5.644, -6, 5, 28.4, 887497544
-1.566, -6.083, -1.360, -5.669, -6, 5, 28.9, 887497641
-1.566, -6.082, -1.419, -5.898, -6, 5, 28.4, 887497743
-1.568, -6.084, -1.405, -5.996, -6, 5, 28.5, 887497828
-1.572, -6.070, -1.504, -5.370, -6, 5, 28.2, 887497943
-1.564, -6.058, -1.129, -6.033, -6, 5, 29.0, 887498027
-1.567, -6.050, -1.424, -5.650, -6, 5, 28.7, 887498143
-1.564, -6.017, -1.357, -5.349, -6, 5, 28.8, 887498230
-1.561, -6.033, -1.390, -6.559, -6, 5, 28.8, 887498329
-1.562, -6.022, -1.282, -5.534, -6, 5, 28.5, 887498430
-1.560, -6.009, -1.349, -6.279, -6, 5, 28.9, 887498529
-1.561, -5.989, -1.337, -5.437, -6, 5, 28.2, 887498627
-1.562, -5.966, -1.473, -6.606, -6, 5, 28.2, 887498725
-1.565, -5.973, -1.381, -5.722, -6, 5, 28.9, 887498818
-1.568, -5.974, -1.386, -5.922, -6, 5, 28.3, 887498932
-1.570, -5.981, -1.486, -5.710, -6, 5, 28.5, 887499035
-1.570, -5.952, -1.199, -5.578, -6, 5, 28.5, 887499134
-1.570, -5.948, -1.350, -6.341, -6, 5, 28.7, 887499234
-1.570, -5.936, -1.332, -5.933, -6, 5, 28.8, 887499344
-1.567, -5.957, -1.331, -6.384, -6, 5, 29.0, 887499446
-1.569, -5.962, -1.417, -5.443, -6, 5, 28.6, 887499565
-1.566, -5.970, -1.394, -6.338, -6, 5, 28.6, 887499668
-1.572, -5.966, -1.365, -5.854, -6, 5, 28.8, 887499791
-1.571, -5.953, -1.507, -5.673, -6, 5, 29.0, 887499858
-1.567, -5.944, -1.250, -5.422, 0, 5, 28.7, 887500006
-1.580, -5.871, -1.291, -6.687, 0, 5, 28.5, 887500102
-1.585, -5.605, -1.816, -6.014, 0, 5, 28.5, 887500232
-1.560, -4.736, -1.339, -3.671, 0, 5, 29.0, 887500331
-1.542, -3.808, -1.605, -1.973, 0, 5, 28.4, 887500432
-1.527, -2.657, -1.638, 1.175, 0, 5, 28.5, 887500523
-1.487, -1.383, -0.965, 3.568, 0, 5, 28.5, 887500632
-1.469, -0.049, -1.102, 6.471, 0, 5, 28.8, 887500733
-1.457, 1.063, -1.032, 7.886, 0, 5, 28.5, 887500832
-1.453, 1.592, -0.958, 8.160, 0, 5, 28.7, 887500936
-1.444, 1.747, -1.404, 6.643, 0, 5, 28.6, 887501040
-1.445, 1.472, -0.924, 5.619, 0, 5, 29.0, 887501154
-1.445, 1.138, -1.100, 3.968, 0, 5, 28.7, 887501234
-1.454, 0.644, -1.141, 2.476, 0, 5, 28.7, 887501335
-1.460, 0.240, -1.222, 1.784, 0, 5, 28.5, 887501435
-1.468, -0.089, -1.239, 0.809, 0, 5, 28.5, 887501539
-1.468, -0.308, -1.192, 0.372, 0, 5, 28.6, 887501666
-1.472, -0.266, -1.383, -0.194, 0, 5, 28.5, 887501767
-1.475, -0.114, -1.107, -0.154, 0, 5, 28.1, 887501866
-1.458, 0.145, -0.911, 0.684, 0, 5, 28.7, 887501965
-1.448, 0.467, -1.571, 1.052, 0, 5, 28.4, 887502065
-1.446, 0.818, -1.470, 1.833, 0, 5, 28.2, 887502168
-1.420, 1.739, -0.931, 3.005, 0, 5, 28.4, 887502492
-1.423, 1.691, -1.071, 2.867, 0, 5, 28.4, 887502583
-1.430, 1.585, -1.285, 2.061, 0, 5, 28.2, 887502690
-1.428, 1.443, -1.219, 1.646, 0, 5, 28.6, 887502787
-1.436, 1.154, -1.129, 1.564, 0, 5, 28.6, 887502883
-1.438, 1.032, -1.325, 0.880, 0, 5, 28.6, 887502987
-1.435, 0.680, -1.249, -0.145, 0, 5, 28.7, 887503082
-1.440, 0.556, -1.256, 0.402, 0, 5, 28.3, 887503181
-1.451, 0.461, -1.425, -0.810, 0, 5, 28.3, 887503277
-1.457, 0.421, -1.473, -0.081, 0, 5, 28.6, 887503365
-1.457, 0.434, -1.283, -0.487, 0, 5, 28.0, 887503470
-1.460, 0.500, -1.048, 0.362, 0, 5, 28.9, 887503582
-1.451, 0.572, -1.340, -0.089, 0, 5, 28.2, 887503686
-1.456, 0.612, -1.354, 1.143, 0, 5, 28.9, 887503783
-1.449, 0.662, -1.256, 0.885, 0, 5, 28.6, 887503882
-1.455, 0.662, -1.345, 0.323, 0, 5, 28.2, 887503980
-1.455, 0.647, -1.221, 0.169, 0, 5, 28.6, 887504100
-1.456, 0.607, -1.106, 0.960, 0, 5, 28.8, 887504197
-1.456, 0.559, -1.368, 0.023, 0, 5, 28.4, 887504291
-1.461, 0.523, -1.240, 0.901, 0, 5, 28.6, 887504393
-1.467, 0.481, -1.266, -0.033, 0, 5, 28.8, 887504492
-1.471, 0.456, -1.248, 0.950, 0, 5, 28.2, 887504590
-1.471, 0.434, -1.283, -0.203, 0, 5, 28.9, 887504684
-1.473, 0.428, -1.267, 0.806, 0, 5, 28.1, 887504797
-1.475, 0.415, -1.333, -0.081, 0, 5, 28.3, 887504897
-1.475, 0.401, -1.279, 0.465, 0, 5, 28.5, 887504996
-1.472, 0.383, -1.191, -0.243, 0, 5, 28.4, 887505099
-1.471, 0.372, -1.140, 0.541, 0, 5, 28.8, 887505230
-1.471, 0.368, -1.295, 0.258, 0, 5, 28.9, 887505339
-1.469, 0.348, -1.112, 0.015, 0, 5, 28.6, 887505438
-1.462, 0.336, -1.146, 0.354, 0, 5, 28.5, 887505537
-1.459, 0.326, -1.285, -0.065, 0, 5, 28.1, 887505634
-1.456, 0.321, -1.088, 0.316, 0, 5, 28.6, 887505741
-1.459, 0.311, -1.157, 0.169, 0, 5, 28.7, 887505840
-1.462, 0.313, -1.125, 0.517, 0, 5, 28.7, 887505940
-1.466, 0.291, -1.244, -0.242, 0, 5, 28.4, 887506037
-1.475, 0.277, -1.288, 0.793, 0, 5, 28.3, 887506138
-1.482, 0.253, -1.372, -0.178, 0, 5, 28.7, 887506229
-1.486, 0.223, -1.366, 0.282, 0, 5, 28.2, 887506332
-1.494, 0.205, -1.353, -0.178, 0, 5, 28.5, 887506464
-1.484, 0.202, -1.177, -0.105, 0, 5, 28.2, 887506589
-1.488, 0.180, -1.611, -0.397, 0, 5, 28.0, 887506687
-1.485, 0.196, -1.191, 0.104, 0, 5, 28.1, 887506787
-1.483, 0.193, -1.334, -0.235, 0, 5, 28.2, 887506889
-1.481, 0.203, -1.235, 0.685, 0, 5, 28.6, 887506990
-1.485, 0.194, -1.344, -0.227, 0, 5, 28.9, 887507089
-1.491, 0.192, -1.269, 0.516, 0, 5, 28.3, 887507189
-1.499, 0.190, -1.432, 0.161, 0, 5, 28.9, 887507298
-1.497, 0.178, -1.468, 0.184, 0, 5, 28.9, 887507392
-1.493, 0.176, -1.302, 0.654, 0, 5, 28.3, 887507494
-1.497, 0.160, -1.520, -0.332, 0, 5, 28.5, 887507591
-1.497, 0.148, -1.226, 0.741, 0, 5, 28.6, 887507690
-1.500, 0.131, -1.442, -0.219, 0, 5, 28.2, 887507792
-1.495, 0.122, -1.369, 0.257, 0, 5, 28.6, 887507893
-1.499, 0.119, -1.262, -0.049, 0, 5, 28.6, 887507989
-1.495, 0.109, -1.290, -0.065, 0, 5, 28.9, 887508091
-1.488, 0.109, -1.171, 0.330, 0, 5, 28.6, 887508193
-1.486, 0.097, -1.399, -0.558, 0, 5, 28.9, 887508290
-1.484, 0.097, -1.120, 0.426, 0, 5, 28.6, 887508400
-1.485, 0.094, -1.068, -0.259, 0, 5, 28.5, 887508499
-1.485, 0.083, -1.217, -0.057, 0, 5, 28.4, 887508596
-1.480, 0.085, -1.154, -0.016, 0, 5, 28.4, 887508698
-1.480, 0.069, -1.260, -0.485, 0, 5, 28.7, 887508798
-1.479, 0.064, -1.207, -0.033, 0, 5, 28.7, 887508911
-1.480, 0.071, -1.607, -0.355, 0, 5, 28.3, 887509007
-1.479, 0.085, -1.149, 0.412, 0, 5, 28.6, 887509110
-1.478, 0.076, -1.328, 0.355, 0, 5, 28.9, 887509207
-1.477, 0.076, -1.333, -0.146, 0, 5, 28.8, 887509305
-1.477, 0.064, -1.190, -0.130, 0, 5, 28.2, 887509410
-1.479, 0.071, -1.450, -0.349, 0, 5, 28.4, 887509507
-1.481, 0.077, -1.149, 0.298, 0, 5, 28.6, 887509609
-1.473, 0.087, -1.112, 0.467, 0, 5, 28.3, 887509692
-1.472, 0.061, -1.163, 0.136, 0, 5, 28.4, 887509793
-1.474, 0.034, -1.423, -0.574, 0, 5, 28.5, 887509866
-1.473, 0.023, -1.316, -0.032, 0, 5, 28.5, 887509965
-1.468, 0.019, -1.183, -0.016, 0, 5, 28.7, 887510064
-1.470, 0.004, -1.284, -0.533, 0, 5, 28.5, 887510170
-1.464, 0.009, -1.224, 0.299, 0, 5, 28.5, 887510283
-1.465, 0.003, -1.368, -0.502, 0, 5, 28.9, 887510378
-1.471, -0.009, -1.434, 0.145, 0, 5, 28.1, 887510493
-1.473, -0.033, -1.259, -0.732, 0, 5, 28.6, 887510565
-1.468, -0.026, -1.293, 0.000, 0, 5, 28.6, 887510668
-1.471, -0.016, -1.178, 0.300, 0, 5, 28.8, 887510738
-1.478, -0.009, -1.214, 0.541, 6, 5, 28.0, 887510847
-1.492, 0.081, -0.946, 0.268, 6, 5, 28.2, 887510937
-1.473, 0.423, -0.930, 0.881, 6, 5, 28.4, 887511040
-1.486, 0.997, -1.707, 1.707, 6, 5, 28.7, 887511138
-1.486, 1.811, -1.544, 3.626, 6, 5, 28.5, 887511240
-1.467, 2.772, -0.883, 6.394, 6, 5, 28.4, 887511340
-1.462, 3.765, -1.348, 7.120, 6, 5, 28.8, 887511447
-1.462, 4.520, -1.195, 8.739, 6, 5, 28.9, 887511552
-1.454, 4.690, -1.034, 8.352, 6, 5, 28.8, 887511656
-1.456, 4.478, -1.217, 6.747, 6, 5, 28.5, 887511765
-1.456, 4.152, -1.283, 5.654, 6, 5, 28.8, 887511855
-1.445, 3.943, -1.343, 5.032, 6, 5, 29.0, 887511963
-1.454, 3.948, -1.585, 4.736, 6, 5, 28.3, 887512055
-1.449, 4.095, -1.263, 4.816, 6, 5, 28.8, 887512155
-1.445, 4.492, -1.025, 6.181, 6, 5, 28.4, 887512255
-1.461, 4.838, -1.553, 6.038, 6, 5, 28.7, 887512394
-1.441, 5.169, -1.158, 7.034, 6, 5, 28.6, 887512525
-1.437, 5.136, -1.079, 5.622, 6, 5, 28.5, 887512617
-1.424, 5.047, -1.130, 5.357, 6, 5, 28.5, 887512741
-1.427, 5.053, -1.008, 5.948, 6, 5, 29.0, 887512843
-1.427, 5.146, -1.381, 5.631, 6, 5, 28.7, 887512945
-1.436, 5.275, -1.441, 5.517, 6, 5, 28.5, 887513057
-1.442, 5.396, -1.012, 6.682, 6, 5, 28.8, 887513183
-1.437, 5.415, -1.300, 5.690, 6, 5, 28.5, 887513300
-1.429, 5.415, -1.332, 5.418, 6, 5, 29.1, 887513400
-1.432, 5.452, -1.111, 6.363, 6, 5, 28.4, 887513505
-1.436, 5.512, -1.321, 5.638, 6, 5, 28.8, 887513616
-1.440, 5.560, -1.317, 5.731, 6, 5, 28.6, 887513739
-1.442, 5.593, -1.256, 6.424, 6, 5, 28.4, 887513840
-1.438, 5.606, -1.162, 5.974, 6, 5, 28.8, 887513942
-1.430, 5.617, -1.330, 5.523, 6, 5, 28.4, 887514049
-1.428, 5.664, -0.928, 6.223, 6, 5, 28.9, 887514166
-1.424, 5.714, -1.283, 5.810, 6, 5, 28.2, 887514291
-1.421, 5.705, -1.212, 5.350, 6, 5, 28.7, 887514384
-1.420, 5.724, -1.219, 6.668, 6, 5, 28.8, 887514485
-1.415, 5.761, -0.943, 6.563, 6, 5, 28.7, 887514586
-1.408, 5.769, -1.234, 5.628, 6, 5, 28.7, 887514689
-1.406, 5.775, -1.401, 5.726, 6, 5, 28.7, 887514796
-1.401, 5.812, -1.024, 6.189, 6, 5, 28.5, 887514885
-1.406, 5.828, -1.298, 5.914, 6, 5, 28.5, 887514986
-1.383, 5.838, -1.192, 5.391, 6, 5, 28.4, 887515089
-1.388, 5.846, -1.147, 5.849, 6, 5, 28.5, 887515183
-1.389, 5.867, -1.232, 6.432, 6, 5, 28.0, 887515285
-1.388, 5.880, -1.334, 5.975, 6, 5, 28.6, 887515385
-1.382, 5.872, -1.195, 5.856, 6, 5, 28.7, 887515490
-1.386, 5.891, -1.140, 5.861, 6, 5, 28.6, 887515602
-1.391, 5.915, -1.162, 6.212, 6, 5, 28.3, 887515684
-1.387, 5.922, -1.106, 5.849, 6, 5, 28.6, 887515784
-1.384, 5.908, -1.267, 5.502, 6, 5, 28.0, 887515885
-1.387, 5.925, -1.246, 6.227, 6, 5, 28.6, 887515988
-1.393, 5.944, -1.074, 6.349, 6, 5, 28.2, 887516083
-1.387, 5.933, -1.238, 5.546, 6, 5, 28.8, 887516184
-1.387, 5.922, -1.326, 5.546, 6, 5, 28.7, 887516289
-1.386, 5.948, -0.995, 6.612, 6, 5, 28.8, 887516387
-1.389, 5.958, -1.328, 5.976, 6, 5, 28.6, 887516492
-1.386, 5.945, -1.193, 5.617, 6, 5, 28.9, 887516594
-1.392, 5.958, -1.117, 6.116, 6, 5, 28.7, 887516688
-1.389, 5.983, -1.234, 6.371, 6, 5, 28.9, 887516791
-1.389, 5.967, -1.238, 5.627, 6, 5, 28.7, 887516889
-1.388, 5.956, -1.254, 5.434, 6, 5, 28.5, 887517005
-1.387, 5.985, -1.049, 6.360, 6, 5, 28.7, 887517105
-1.388, 5.981, -1.357, 5.556, 6, 5, 28.6, 887517213
-1.388, 5.969, -1.270, 5.701, 6, 5, 28.4, 887517308
-1.379, 5.996, -1.000, 6.450, 6, 5, 29.0, 887517406
-1.382, 6.008, -1.152, 6.302, 6, 5, 28.7, 887517506
-1.380, 5.990, -1.186, 5.580, 6, 5, 28.9, 887517610
-1.383, 5.986, -1.382, 5.624, 6, 5, 29.2, 887517733
-1.388, 6.013, -1.236, 6.423, 6, 5, 28.7, 887517837
-1.386, 6.003, -1.092, 5.980, 6, 5, 28.3, 887517946
-1.387, 5.993, -1.207, 5.846, 6, 5, 28.7, 887518030
-1.399, 6.005, -0.895, 6.299, 6, 5, 28.9, 887518133
-1.399, 6.024, -1.232, 6.606, 6, 5, 28.8, 887518234
-1.397, 6.012, -1.206, 5.588, 6, 5, 28.4, 887518332
-1.392, 6.001, -1.121, 5.609, 6, 5, 28.7, 887518430
-1.389, 6.006, -1.107, 6.438, 6, 5, 28.4, 887518545
-1.381, 6.015, -1.289, 5.943, 6, 5, 28.4, 887518652
-1.370, 6.006, -1.298, 6.421, 6, 5, 28.0, 887518750
-1.355, 6.006, -1.570, 5.675, 6, 5, 28.5, 887518851
-1.356, 6.021, -1.234, 6.603, 6, 5, 28.5, 887518949
-1.353, 6.028, -1.038, 6.138, 6, 5, 28.6, 887519053
-1.354, 6.016, -1.334, 5.722, 6, 5, 28.2, 887519153
-1.359, 6.031, -1.056, 6.299, 6, 5, 28.9, 887519250
-1.362, 6.046, -1.042, 6.572, 6, 5, 29.0, 887519351
-1.365, 6.036, -1.080, 6.106, 6, 5, 28.2, 887519452
-1.371, 6.015, -1.394, 5.571, 6, 5, 29.0, 887519554
-1.372, 6.036, -0.908, 6.538, 6, 5, 28.9, 887519653
-1.378, 6.051, -1.240, 6.180, 6, 5, 28.4, 887519735
-1.389, 6.044, -1.037, 5.899, 6, 5, 28.6, 887519835
-1.394, 6.033, -1.228, 5.557, 6, 5, 28.9, 887519932
-1.382, 6.040, -1.195, 6.519, 6, 5, 28.6, 887520036
-1.390, 6.049, -1.358, 6.270, 6, 5, 28.6, 887520132
-1.390, 6.037, -1.206, 5.682, 6, 5, 28.5, 887520235
-1.372, 6.023, -0.918, 5.742, 6, 5, 29.2, 887520334
-1.366, 6.031, -0.865, 6.516, 6, 5, 28.4, 887520434
-1.367, 6.038, -1.168, 6.298, 6, 5, 28.6, 887520538
-1.364, 6.006, -1.121, 5.607, 6, 5, 28.9, 887520650
-1.357, 6.000, -1.000, 6.200, 6, 5, 28.8, 887520754
-1.350, 5.997, -0.915, 5.979, 6, 5, 28.7, 887520853
-1.351, 5.982, -1.054, 5.328, 6, 5, 28.4, 887520953
-1.346, 5.968, -0.590, 5.587, 6, 5, 28.6, 887521070
-1.365, 5.983, -1.426, 5.938, 6, 5, 28.8, 887521165
-1.376, 5.962, -1.146, 5.844, 6, 5, 28.8, 887521269
-1.373, 5.926, -1.273, 5.399, 6, 5, 29.0, 887521385
-1.365, 5.926, -0.918, 5.848, 6, 5, 28.3, 887521478
-1.364, 5.952, -1.151, 6.351, 6, 5, 28.6, 887521580
-1.361, 5.947, -1.342, 5.789, 6, 5, 28.5, 887521680
-1.360, 5.933, -1.110, 5.418, 6, 5, 28.4, 887521778
-1.367, 5.971, -1.254, 6.427, 6, 5, 28.6, 887521869
-1.374, 6.037, -1.102, 6.369, 6, 5, 28.3, 887521980
-1.371, 6.058, -1.306, 5.879, 6, 5, 28.5, 887522081
-1.369, 6.059, -1.228, 6.063, 6, 5, 28.8, 887522182
-1.385, 6.071, -1.449, 6.596, 6, 5, 28.6, 887522281
-1.388, 6.064, -1.075, 6.022, 6, 5, 28.3, 887522378
-1.387, 6.033, -0.650, 5.451, 6, 5, 28.1, 887522480
-1.394, 6.040, -1.284, 5.769, 6, 5, 28.2, 887522579
-1.398, 6.083, -1.458, 6.429, 6, 5, 28.5, 887522686
-1.399, 6.073, -1.859, 5.876, 6, 5, 28.7, 887522806
-1.398, 6.043, -0.782, 6.482, 6, 5, 28.3, 887522913
-1.379, 6.065, -0.962, 6.705, 6, 5, 28.2, 887523046
-1.386, 6.057, -1.199, 5.845, 6, 5, 28.4, 887523152
-1.382, 6.062, -1.079, 5.803, 6, 5, 28.7, 887523254
-1.379, 6.083, -1.034, 6.475, 6, 5, 28.8, 887523390
-1.390, 6.093, -0.836, 5.869, 6, 5, 28.2, 887523487
-1.396, 6.060, -1.206, 6.363, 6, 5, 28.2, 887523590
-1.392, 6.072, -1.617, 6.231, 6, 5, 28.5, 887523707
-1.396, 6.103, -1.552, 5.990, 6, 5, 28.2, 887523814
-1.371, 6.093, -1.009, 6.376, 6, 5, 28.4, 887523913
-1.370, 6.095, -1.580, 6.381, 6, 5, 28.3, 887524041
-1.363, 6.111, -0.572, 6.585, 6, 5, 28.6, 887524167
-1.374, 6.103, -1.368, 5.378, 6, 5, 28.2, 887524289
-1.374, 6.101, -1.515, 6.700, 6, 5, 28.1, 887524380
-1.372, 6.116, -1.254, 6.558, 6, 5, 28.6, 887524486
-1.375, 6.126, -1.214, 5.975, 6, 5, 28.3, 887524585
-1.380, 6.119, -1.440, 5.752, 6, 5, 28.5, 887524681
-1.373, 6.105, -1.015, 5.748, 6, 5, 28.3, 887524796
-1.394, 6.105, -1.345, 6.022, 6, 5, 28.3, 887524901
-1.400, 6.118, -1.619, 6.570, 6, 5, 28.8, 887525003
-1.390, 6.122, -1.049, 6.191, 6, 5, 28.8, 887525130
-1.398, 6.101, -1.539, 5.464, 6, 5, 28.3, 887525237
-1.412, 6.098, -1.444, 5.597, 6, 5, 28.2, 887525341
-1.423, 6.110, -1.105, 6.679, 6, 5, 28.4, 887525442
-1.446, 6.126, -1.208, 6.755, 6, 5, 28.4, 887525560
-1.449, 6.118, -1.169, 6.131, 6, 5, 28.6, 887525681
-1.440, 6.104, -1.164, 5.589, 6, 5, 28.7, 887525781
-1.440, 6.101, -1.207, 5.824, 6, 5, 27.9, 887525881
-1.442, 6.118, -1.267, 6.326, 6, 5, 28.4, 887525983
-1.431, 6.124, -0.848, 6.474, 6, 5, 28.6, 887526082
-1.429, 6.115, -1.407, 6.147, 6, 5, 27.6, 887526181
-1.427, 6.101, -1.263, 5.752, 6, 5, 28.0, 887526281
-1.428, 6.093, -1.248, 5.856, 6, 5, 28.2, 887526381
-1.432, 6.103, -1.272, 6.222, 6, 5, 28.1, 887526482
-1.426, 6.111, -0.841, 6.681, 6, 5, 28.0, 887526569
-1.412, 6.101, -1.052, 5.997, 0, 5, 28.4, 887526727
-1.405, 5.867, -0.872, 6.149, 0, 5, 28.4, 887526841
-1.400, 5.525, -1.180, 5.143, 0, 5, 28.3, 887526939
-1.405, 4.981, -1.408, 3.075, 0, 5, 28.2, 887527040
-1.415, 4.292, -1.193, 2.386, 0, 5, 28.6, 887527143
-1.432, 3.516, -1.184, 1.053, 0, 5, 27.7, 887527235
-1.453, 2.729, -1.559, -0.390, 0, 5, 27.8, 887527339
-1.467, 2.107, -1.420, -1.445, 0, 5, 28.5, 887527442
-1.470, 1.803, -1.223, -2.048, 0, 5, 28.3, 887527541
-1.473, 1.782, -1.369, -1.094, 0, 5, 27.9, 887527644
-1.472, 1.937, -1.165, -0.211, 0, 5, 28.2, 887527750
-1.468, 2.073, -1.328, 0.541, 0, 5, 28.2, 887527843
-1.466, 2.170, -1.084, 0.654, 0, 5, 27.8, 887527957
-1.462, 2.138, -1.464, 0.614, 0, 5, 28.2, 887528057
-1.458, 1.968, -1.269, 0.532, 0, 5, 28.3, 887528187
-1.462, 1.685, -1.408, 0.401, 0, 5, 28.4, 887528284
-1.473, 1.280, -1.296, 0.396, 0, 5, 28.3, 887528384
-1.472, 1.157, -1.293, 0.096, 0, 5, 28.5, 887528486
-1.478, 0.984, -1.164, -0.380, 0, 5, 28.3, 887528585
-1.479, 0.938, -1.335, -0.953, 0, 5, 28.1, 887528673
-1.475, 0.899, -1.368, -0.729, 0, 5, 27.8, 887528788
-1.475, 0.850, -1.152, -0.202, 0, 5, 28.2, 887528888
-1.478, 0.810, -1.270, -0.097, 0, 5, 28.3, 887528986
-1.478, 0.737, -1.124, -0.016, 0, 5, 28.2, 887529091
-1.479, 0.628, -1.337, -0.592, 0, 5, 27.9, 887529196
-1.475, 0.557, -1.296, -0.713, 0, 5, 28.1, 887529285
-1.465, 0.485, -1.402, -0.535, 0, 5, 28.4, 887529390
-1.465, 0.440, -1.381, 0.136, 0, 5, 28.1, 887529491
-1.464, 0.389, -1.269, 0.047, 0, 5, 28.4, 887529589
-1.462, 0.349, -1.070, -0.446, 0, 5, 27.9, 887529688
-1.462, 0.293, -1.310, -0.639, 0, 5, 28.2, 887529789
-1.463, 0.233, -1.202, -0.436, 0, 5, 27.8, 887529889
-1.463, 0.205, -1.229, -0.154, 0, 5, 28.2, 887529992
-1.475, 0.184, -1.185, -0.366, 0, 5, 28.5, 887530089
-1.478, 0.169, -1.210, 0.088, 0, 5, 28.0, 887530188
-1.479, 0.150, -1.083, 0.015, 0, 5, 28.0, 887530289
-1.477, 0.115, -1.245, -0.130, 0, 5, 28.1, 887530372
-1.475, 0.095, -1.131, -0.822, 0, 5, 28.6, 887530491
-1.477, 0.092, -1.222, 0.323, 0, 5, 28.1, 887530588
-1.473, 0.057, -1.027, 0.055, 0, 5, 28.0, 887530689
-1.472, 0.012, -1.335, -0.737, 0, 5, 27.8, 887530791
-1.471, 0.005, -1.068, 0.128, 0, 5, 28.1, 887530891
-1.475, -0.019, -1.198, -0.543, 0, 5, 27.9, 887530993
-1.475, -0.024, -1.245, -0.178, 0, 5, 27.9, 887531095
-1.473, -0.025, -1.242, -0.747, 0, 5, 27.6, 887531206
-1.476, -0.030, -1.361, -0.033, 0, 5, 28.1, 887531314
-1.475, -0.057, -1.357, 0.031, 0, 5, 28.0, 887531435
-1.469, -0.084, -1.178, -0.662, 0, 5, 28.6, 887531533
-1.466, -0.099, -1.189, -0.502, 0, 5, 27.6, 887531634
-1.465, -0.096, -1.238, 0.055, 0, 5, 27.6, 887531734
-1.463, -0.113, -1.359, -0.728, 0, 5, 28.3, 887531839
-1.463, -0.130, -1.337, -0.559, 0, 5, 28.5, 887531949
-1.459, -0.142, -1.485, -0.153, 0, 5, 28.0, 887532048
-1.462, -0.145, -1.228, 0.177, 0, 5, 28.1, 887532152
-1.462, -0.156, -1.345, -0.519, 0, 5, 28.4, 887532248
-1.466, -0.158, -1.378, 0.129, 0, 5, 28.3, 887532367
-1.469, -0.147, -1.135, -0.024, 0, 5, 28.1, 887532467
-1.464, -0.155, -1.360, -0.518, 0, 5, 28.4, 887532570
-1.459, -0.164, -1.214, -0.499, 0, 5, 28.7, 887532668
-1.458, -0.168, -1.179, -0.147, 0, 5, 28.4, 887532771
-1.462, -0.160, -1.302, -0.445, 0, 5, 28.4, 887532866
-1.462, -0.144, -1.158, 0.412, 0, 5, 28.0, 887532967
-1.471, -0.139, -1.403, 0.249, 6, 5, 27.9, 887533109
-1.473, -0.007, -1.298, -0.376, 6, 5, 28.1, 887533212
-1.465, 0.438, -1.362, 1.402, 6, 5, 28.2, 887533308
-1.440, 1.180, -0.452, 3.233, 6, 5, 27.4, 887533412
-1.418, 2.152, -1.367, 4.502, 6, 5, 28.0, 887533507
-1.422, 3.234, -1.106, 7.161, 6, 5, 28.6, 887533606
-1.405, 4.111, -1.331, 8.078, 6, 5, 28.2, 887533709
-1.402, 4.630, -1.695, 8.721, 6, 5, 28.5, 887533810
-1.377, 4.753, -0.982, 8.595, 6, 5, 28.6, 887533915
-1.372, 4.573, -1.085, 7.589, 6, 5, 28.2, 887534013
-1.377, 4.289, -1.010, 6.640, 6, 5, 28.9, 887534111
-1.378, 4.060, -1.322, 5.205, 6, 5, 27.9, 887534208
-1.377, 3.996, -1.374, 4.707, 6, 5, 28.2, 887534311
-1.375, 4.150, -0.939, 5.483, 6, 5, 28.3, 887534418
-1.374, 4.478, -1.160, 5.837, 6, 5, 28.7, 887534515
-1.389, 4.887, -1.548, 6.221, 6, 5, 28.4, 887534644
-1.380, 5.079, -1.069, 7.113, 6, 5, 28.0, 887534743
-1.375, 5.209, -1.215, 7.219, 6, 5, 28.3, 887534858
-1.380, 5.162, -1.391, 6.173, 6, 5, 28.3, 887534987
-1.385, 5.124, -1.389, 5.856, 6, 5, 28.3, 887535088
-1.385, 5.187, -1.126, 6.235, 6, 5, 28.5, 887535184
-1.386, 5.298, -0.886, 6.651, 6, 5, 28.5, 887535284
-1.394, 5.489, -1.596, 6.913, 6, 5, 28.6, 887535401
-1.382, 5.575, -1.257, 6.478, 6, 5, 28.5, 887535491
-1.378, 5.608, -1.179, 5.925, 6, 5, 28.5, 887535591
-1.380, 5.626, -1.215, 6.096, 6, 5, 28.3, 887535691
-1.383, 5.670, -1.090, 6.566, 6, 5, 28.6, 887535788
-1.380, 5.729, -1.098, 6.662, 6, 5, 28.3, 887535890
-1.384, 5.779, -1.072, 6.588, 6, 5, 28.1, 887535994
-1.388, 5.808, -1.296, 6.114, 6, 5, 28.0, 887536085
-1.382, 5.818, -1.185, 5.888, 6, 5, 28.5, 887536183
-1.386, 5.840, -1.321, 6.007, 6, 5, 27.7, 887536294
-1.385, 5.875, -0.968, 6.357, 6, 5, 28.5, 887536383
-1.388, 5.908, -1.136, 6.607, 6, 5, 28.3, 887536487
-1.389, 5.947, -1.101, 6.283, 6, 5, 28.4, 887536587
-1.391, 5.966, -1.270, 5.756, 6, 5, 28.6, 887536690
-1.383, 5.978, -1.231, 6.184, 6, 5, 28.2, 887536783
-1.386, 5.985, -1.232, 5.964, 6, 5, 28.8, 887536887
-1.387, 5.992, -1.378, 5.754, 6, 5, 27.9, 887536983
-1.387, 5.999, -1.270, 6.129, 6, 5, 27.7, 887537089
-1.389, 6.026, -1.201, 6.467, 6, 5, 28.5, 887537191
-1.387, 6.051, -1.059, 6.680, 6, 5, 28.5, 887537295
-1.390, 6.071, -1.295, 6.303, 6, 5, 28.4, 887537390
-1.385, 6.076, -1.303, 6.392, 6, 5, 28.5, 887537488
-1.383, 6.076, -0.987, 5.837, 6, 5, 28.5, 887537586
-1.381, 6.077, -1.272, 6.277, 6, 5, 28.6, 887537688
-1.375, 6.082, -0.956, 6.321, 6, 5, 28.2, 887537787
-1.374, 6.099, -1.104, 6.769, 6, 5, 28.2, 887537888
-1.371, 6.112, -0.910, 6.545, 0, 5, 28.4, 887538004
-1.368, 6.024, -1.349, 5.753, 0, 5, 28.0, 887538093
-1.373, 5.768, -0.996, 6.030, 0, 5, 28.4, 887538191
-1.372, 5.227, -1.201, 4.550, 0, 5, 28.1, 887538290
-1.379, 4.772, -1.265, 3.339, 0, 5, 28.2, 887538385
-1.385, 4.378, -0.991, 2.572, 0, 5, 28.1, 887538494
-1.402, 2.943, -1.210, 0.104, 0, 5, 28.4, 887538591
-1.415, 2.384, -1.562, -1.636, 0, 5, 27.7, 887538690
-1.415, 1.647, -1.362, -2.555, 0, 5, 28.1, 887538796
-1.418, 1.487, -1.337, -2.888, 0, 5, 28.4, 887538892
-1.423, 1.524, -1.296, -1.775, 0, 5, 28.2, 887538993
-1.403, 1.670, -0.994, -0.493, 0, 5, 28.5, 887539096
-1.408, 1.741, -1.658, -0.591, 0, 5, 27.8, 887539193
-1.414, 1.853, -1.259, 0.346, 0, 5, 28.3, 887539308
-1.408, 1.794, -1.347, 0.426, 0, 5, 28.0, 887539404
-1.420, 1.590, -1.503, 0.594, 0, 5, 28.2, 887539510
-1.423, 1.337, -1.286, 0.282, 0, 5, 28.5, 887539629
-1.427, 1.056, -1.218, -0.439, 0, 5, 28.0, 887539729
-1.432, 0.723, -1.528, -1.148, 0, 5, 28.0, 887539830
-1.440, 0.373, -1.263, -1.118, 0, 5, 28.6, 887539926
-1.441, 0.330, -1.243, -1.179, 0, 5, 28.2, 887540003
-1.444, 0.315, -1.049, -0.686, 0, 5, 28.3, 887540127
-1.442, 0.330, -1.434, -1.118, 0, 5, 28.0, 887540231
-1.444, 0.343, -1.116, -0.793, 0, 5, 28.1, 887540301
-1.450, 0.335, -1.331, -0.292, 0, 5, 28.2, 887540403
-1.450, 0.293, -1.415, -0.599, 0, 5, 28.1, 887540510
-1.448, 0.236, -1.409, -0.794, 0, 5, 28.4, 887540627
-1.452, 0.177, -1.241, -0.146, 0, 5, 28.2, 887540708
-1.451, 0.116, -1.147, -0.716, 0, 5, 28.4, 887540800
-1.447, 0.061, -1.147, -1.067, 0, 5, 28.4, 887540904
-1.449, 0.034, -1.133, -0.405, 0, 5, 28.5, 887541013
-1.448, -0.004, -1.367, -0.089, 0, 5, 28.7, 887541127
-1.449, -0.030, -1.374, -0.898, 0, 5, 28.4, 887541229
-1.449, -0.061, -1.287, -0.535, 0, 5, 28.3, 887541333
-1.445, -0.091, -1.213, -0.033, 0, 5, 28.0, 887541429
-1.445, -0.111, -1.333, -0.986, 0, 5, 28.4, 887541532
-1.450, -0.135, -1.098, -0.283, 0, 5, 28.2, 887541634
-1.448, -0.150, -1.188, -0.251, 0, 5, 28.7, 887541709
-1.447, -0.174, -1.252, -0.945, 0, 5, 28.5, 887541829
-1.449, -0.189, -1.169, -0.211, 0, 5, 27.8, 887541937
-1.448, -0.200, -1.235, -0.081, 0, 5, 27.9, 887542033
-1.449, -0.194, -1.251, -0.436, 0, 5, 28.5, 887542131
-1.453, -0.203, -1.325, 0.136, 0, 5, 28.1, 887542237
-1.454, -0.198, -1.327, -0.234, 0, 5, 27.9, 887542332
-1.448, -0.209, -1.216, 0.192, 0, 5, 28.2, 887542438
-1.446, -0.216, -1.231, -0.721, 0, 5, 28.4, 887542533
-1.454, -0.226, -1.444, -0.097, 0, 5, 28.2, 887542636
-1.455, -0.242, -1.361, -0.811, 0, 5, 28.6, 887542721
-1.449, -0.245, -1.295, -0.292, -6, 5, 28.3, 887542863
-1.453, -0.330, -1.225, 0.000, -6, 5, 28.5, 887542965
-1.460, -0.599, -0.935, -0.903, -6, 5, 28.1, 887543071
-1.462, -1.166, -1.390, -2.326, -6, 5, 28.5, 887543192
-1.467, -1.711, -1.253, -3.071, -6, 5, 28.5, 887543299
-1.481, -2.239, -1.578, -4.130, -6, 5, 28.7, 887543393
-1.488, -2.451, -1.234, -3.933, -6, 5, 27.9, 887543491
-1.496, -2.467, -1.578, -4.270, -6, 5, 28.2, 887543593
-1.501, -2.463, -1.284, -3.509, -6, 5, 28.5, 887543691
-1.495, -2.484, -1.174, -3.486, -6, 5, 28.3, 887543789
-1.500, -2.551, -1.326, -3.333, -6, 5, 28.4, 887543893
-1.511, -2.721, -1.235, -3.490, -6, 5, 28.0, 887543995
-1.518, -2.822, -1.396, -3.901, -6, 5, 28.1, 887544096
-1.520, -2.949, -1.485, -4.110, -6, 5, 28.1, 887544195
-1.518, -3.004, -1.344, -4.143, -6, 5, 28.3, 887544296
-1.519, -3.039, -1.138, -3.766, -6, 5, 28.0, 887544396
-1.522, -3.120, -1.223, -3.899, -6, 5, 28.1, 887544492
-1.530, -3.170, -1.296, -3.829, -6, 5, 28.3, 887544592
-1.531, -3.275, -1.376, -4.190, -6, 5, 27.9, 887544693
-1.537, -3.367, -1.238, -4.098, -6, 5, 28.5, 887544804
-1.543, -3.447, -1.462, -4.416, -6, 5, 28.0, 887544911
-1.551, -3.580, -1.405, -4.350, -6, 5, 28.5, 887545013
-1.550, -3.620, -1.390, -4.110, -6, 5, 28.5, 887545117
-1.549, -3.698, -1.284, -4.425, -6, 5, 28.3, 887545215
-1.547, -3.751, -1.128, -4.249, -6, 5, 28.4, 887545311
-1.548, -3.797, -1.500, -4.335, -6, 5, 28.0, 887545411
-1.548, -3.888, -1.274, -4.819, -6, 5, 28.4, 887545511
-1.544, -3.947, -1.183, -4.790, -6, 5, 28.2, 887545619
-1.545, -4.049, -1.484, -4.434, -6, 5, 28.4, 887545716
-1.545, -4.097, -1.245, -4.607, -6, 5, 28.5, 887545810
-1.548, -4.155, -1.340, -4.758, -6, 5, 27.8, 887545913
-1.549, -4.272, -1.301, -5.172, -6, 5, 28.6, 887546009
-1.548, -4.327, -1.409, -5.207, -6, 5, 28.3, 887546116
-1.541, -4.412, -1.240, -4.958, -6, 5, 28.5, 887546214
-1.546, -4.467, -1.216, -5.051, -6, 5, 28.6, 887546312
-1.553, -4.534, -1.276, -5.284, -6, 5, 28.4, 887546428
-1.561, -4.635, -1.470, -5.305, -6, 5, 28.2, 887546537
-1.560, -4.715, -1.432, -5.495, -6, 5, 28.3, 887546638
-1.562, -4.803, -1.434, -5.421, -6, 5, 28.0, 887546739
-1.560, -4.882, -1.302, -5.429, -6, 5, 28.5, 887546835
-1.564, -4.954, -1.384, -5.415, -6, 5, 28.2, 887546931
-1.570, -5.020, -1.361, -5.551, -6, 5, 27.9, 887547036
-1.575, -5.081, -1.285, -5.776, -6, 5, 28.1, 887547141
-1.581, -5.140, -1.483, -5.829, -6, 5, 28.5, 887547238
-1.583, -5.200, -1.390, -5.830, -6, 5, 28.6, 887547338
-1.580, -5.249, -1.510, -5.896, -6, 5, 28.2, 887547439
-1.581, -5.296, -1.531, -5.747, -6, 5, 28.7, 887547538
-1.573, -5.340, -1.320, -5.852, -6, 5, 28.4, 887547639
-1.563, -5.378, -1.328, -5.713, -6, 5, 28.1, 887547779
-1.561, -5.424, -1.551, -5.705, -6, 5, 28.1, 887547882
-1.559, -5.467, -1.345, -6.015, -6, 5, 28.2, 887547981
-1.563, -5.505, -1.202, -6.089, -6, 5, 28.1, 887548068
-1.566, -5.547, -1.426, -6.176, -6, 5, 28.2, 887548180
-1.570, -5.586, -1.334, -6.006, -6, 5, 28.3, 887548281
-1.569, -5.638, -1.324, -6.394, -6, 5, 28.2, 887548413
-1.561, -5.678, -1.273, -6.243, -6, 5, 28.3, 887548516
-1.558, -5.694, -1.302, -5.859, -6, 5, 28.3, 887548618
-1.567, -5.735, -1.280, -5.982, -6, 5, 28.9, 887548754
-1.574, -5.770, -1.419, -6.011, -6, 5, 28.2, 887548859
-1.569, -5.787, -1.359, -5.688, -6, 5, 28.0, 887548960
-1.558, -5.794, -1.415, -5.819, -6, 5, 28.5, 887549070
-1.560, -5.806, -1.341, -5.895, -6, 5, 27.8, 887549187
-1.564, -5.837, -1.558, -5.815, -6, 5, 28.3, 887549309
-1.572, -5.878, -1.262, -6.242, -6, 5, 28.0, 887549415
-1.565, -5.891, -1.271, -5.981, -6, 5, 28.4, 887549516
-1.563, -5.898, -1.320, -5.842, -6, 5, 28.4, 887549626
-1.566, -5.910, -1.452, -5.886, -6, 5, 28.2, 887549741
-1.568, -5.923, -1.373, -6.305, -6, 5, 28.0, 887549848
-1.571, -5.941, -1.763, -6.150, -6, 5, 28.4, 887549944
-1.573, -5.958, -1.420, -5.968, -6, 5, 27.9, 887550058
-1.574, -5.964, -1.450, -5.924, -6, 5, 28.0, 887550185
-1.568, -5.967, -1.435, -6.136, -6, 5, 28.0, 887550301
-1.568, -5.984, -1.295, -6.457, -6, 5, 28.2, 887550414
-1.570, -5.994, -1.382, -5.992, -6, 5, 28.0, 887550517
-1.554, -5.991, -1.365, -6.016, -6, 5, 28.4, 887550618
-1.545, -5.979, -1.310, -6.044, -6, 5, 28.2, 887550726
-1.549, -5.990, -1.539, -6.113, -6, 5, 28.2, 887550844
-1.551, -6.011, -1.372, -6.264, -6, 5, 28.5, 887550943
-1.553, -6.022, -1.426, -6.214, -6, 5, 28.4, 887551042
-1.547, -6.021, -1.400, -5.986, -6, 5, 28.1, 887551144
-1.543, -6.022, -1.451, -5.969, -6, 5, 28.4, 887551268
-1.560, -6.034, -1.575, -6.078, -6, 5, 28.4, 887551352
-1.559, -6.047, -1.423, -6.225, -6, 5, 28.1, 887551452
-1.555, -6.069, -1.232, -6.208, -6, 5, 28.2, 887551586
-1.563, -6.080, -1.552, -5.909, -6, 5, 28.1, 887551676
-1.565, -6.081, -1.387, -6.130, -6, 5, 28.2, 887551791
-1.557, -6.078, -1.360, -6.108, -6, 5, 28.5, 887551890
-1.569, -6.093, -1.421, -6.124, -6, 5, 28.5, 887551991
-1.576, -6.106, -1.491, -6.194, -6, 5, 28.5, 887552088
-1.573, -6.115, -1.359, -5.951, -6, 5, 27.9, 887552211
-1.568, -6.124, -1.252, -6.022, -6, 5, 28.4, 887552330
-1.562, -6.121, -1.174, -6.312, -6, 5, 28.1, 887552445
-1.561, -6.113, -1.388, -6.012, -6, 5, 28.1, 887552545
-1.568, -6.112, -1.489, -5.896, -6, 5, 27.8, 887552664
-1.576, -6.117, -1.462, -6.138, -6, 5, 28.1, 887552787
-1.577, -6.111, -1.299, -6.043, -6, 5, 27.8, 887552894
-1.576, -6.103, -1.302, -6.272, -6, 5, 28.2, 887552986
-1.579, -6.119, -1.332, -6.323, -6, 5, 28.3, 887553086
-1.583, -6.121, -1.204, -5.894, -6, 5, 28.8, 887553191
-1.589, -6.118, -1.582, -5.966, -6, 5, 28.9, 887553289
-1.592, -6.120, -1.583, -6.143, -6, 5, 27.8, 887553391
-1.596, -6.114, -1.610, -6.350, -6, 5, 28.2, 887553489
-1.592, -6.108, -1.353, -6.010, -6, 5, 27.7, 887553597
-1.597, -6.113, -1.394, -6.321, -6, 5, 27.9, 887553687
-1.594, -6.117, -1.284, -6.070, -6, 5, 28.3, 887553776
-1.595, -6.111, -1.421, -6.045, -6, 5, 28.3, 887553893
-1.594, -6.102, -1.296, -6.098, -6, 5, 28.0, 887553988
-1.600, -6.115, -1.473, -6.132, -6, 5, 28.3, 887554091
-1.592, -6.112, -1.455, -6.111, -6, 5, 28.2, 887554189
-1.595, -6.097, -1.448, -5.993, -6, 5, 28.1, 887554295
-1.600, -6.090, -1.200, -6.070, -6, 5, 28.3, 887554388
-1.596, -6.087, -1.269, -6.065, -6, 5, 28.3, 887554492
-1.598, -6.082, -1.608, -6.005, -6, 5, 28.1, 887554594
-1.598, -6.085, -1.387, -6.319, -6, 5, 28.0, 887554687
-1.599, -6.090, -1.315, -6.207, -6, 5, 28.3, 887554789
-1.588, -6.086, -1.234, -6.035, -6, 5, 28.3, 887554891
-1.581, -6.073, -1.438, -6.105, -6, 5, 28.4, 887554989
-1.590, -6.082, -1.376, -6.108, -6, 5, 28.5, 887555090
-1.592, -6.084, -1.462, -5.894, -6, 5, 28.2, 887555191
-1.599, -6.088, -1.522, -6.263, -6, 5, 27.9, 887555307
-1.599, -6.100, -1.202, -6.285, -6, 5, 28.3, 887555414
-1.596, -6.110, -1.467, -6.054, -6, 5, 28.3, 887555532
-1.597, -6.110, -1.382, -5.972, -6, 5, 28.3, 887555635
-1.609, -6.130, -1.297, -5.997, -6, 5, 28.2, 887555738
-1.608, -6.157, -1.174, -6.230, -6, 5, 28.5, 887555852
-1.620, -6.276, -1.360, -6.361, -6, 5, 28.6, 887555954
-1.621, -6.394, -1.320, -6.889, -6, 5, 28.2, 887556047
-1.617, -6.424, -1.511, -6.648, -6, 5, 28.2, 887556133
-1.620, -6.464, -1.437, -6.665, -6, 5, 28.4, 887556234
-1.626, -6.502, -1.515, -6.934, -6, 5, 28.3, 887556333
-1.618, -6.524, -1.403, -6.462, -6, 5, 28.1, 887556431
-1.620, -6.640, -1.393, -7.239, -6, 5, 28.5, 887556534
-1.619, -6.813, -1.524, -7.340, -6, 5, 28.4, 887556635
-1.629, -6.941, -1.506, -7.569, -6, 5, 28.2, 887556735
-1.631, -7.168, -1.357, -7.884, -6, 5, 28.3, 887556832
-1.639, -7.249, -1.465, -8.152, -6, 5, 28.2, 887556935
-1.644, -7.314, -1.535, -8.137, -6, 5, 28.0, 887557035
-1.643, -7.300, -1.652, -7.841, -6, 5, 27.6, 887557135
-1.639, -7.303, -1.708, -7.933, -6, 5, 28.4, 887557235
-1.642, -7.336, -1.245, -7.545, -6, 5, 27.9, 887557344
-1.645, -7.402, -1.550, -7.696, -6, 5, 28.6, 887557439
-1.657, -7.436, -1.621, -8.157, -6, 5, 28.4, 887557534
-1.656, -7.447, -1.439, -7.456, -6, 5, 28.1, 887557638
-1.664, -7.483, -1.551, -7.528, -6, 5, 28.2, 887557748
-1.662, -7.501, -1.557, -7.836, -6, 5, 28.3, 887557837
-1.666, -7.530, -1.282, -7.672, -6, 5, 28.1, 887557935
-1.659, -7.534, -1.553, -7.764, -6, 5, 28.3, 887558039
-1.647, -7.528, -1.583, -7.875, -6, 5, 28.2, 887558135
-1.641, -7.530, -1.250, -7.276, -6, 5, 28.5, 887558237
-1.651, -7.557, -1.559, -8.083, -6, 5, 28.4, 887558337
-1.650, -7.563, -1.420, -7.432, -6, 5, 28.5, 887558449
-1.642, -7.562, -1.639, -7.653, -6, 5, 28.3, 887558535
-1.635, -7.569, -1.163, -7.443, -6, 5, 28.5, 887558610
-1.634, -7.576, -1.538, -7.423, -6, 5, 28.4, 887558708
-1.624, -7.569, -1.588, -7.803, -6, 5, 28.5, 887558812
-1.611, -7.543, -1.241, -7.579, -6, 5, 27.9, 887558910
-1.617, -7.535, -1.836, -7.236, -6, 5, 28.3, 887559011
-1.625, -7.529, -1.797, -7.903, -6, 5, 28.2, 887559112
-1.650, -7.516, -1.148, -7.474, -6, 5, 28.1, 887559213
-1.645, -7.513, -1.825, -7.656, -6, 5, 28.2, 887559311
-1.661, -7.524, -1.655, -7.902, -6, 5, 27.9, 887559412
-1.639, -7.506, -0.901, -7.001, -6, 5, 28.2, 887559513
-1.641, -7.484, -1.811, -7.614, -6, 5, 28.5, 887559612
-1.644, -7.470, -0.959, -7.056, -6, 5, 28.0, 887559737
-1.645, -7.467, -1.426, -7.991, -6, 5, 28.3, 887559847
-1.642, -7.451, -1.611, -6.950, -6, 5, 28.1, 887559955
-1.643, -7.439, -1.562, -6.912, -6, 5, 28.3, 887560055
-1.649, -7.429, -1.397, -7.081, -6, 5, 28.1, 887560155
-1.648, -7.419, -1.172, -7.321, -6, 5, 27.9, 887560261
-1.645, -7.405, -1.235, -6.985, -6, 5, 28.5, 887560367
-1.640, -7.383, -1.512, -7.339, -6, 5, 28.6, 887560478
-1.651, -7.376, -1.480, -6.878, -6, 5, 28.4, 887560579
-1.648, -7.344, -1.435, -7.303, -6, 5, 27.8, 887560679
-1.646, -7.331, -1.543, -7.758, -6, 5, 27.9, 887560781
-1.644, -7.320, -1.500, -6.942, -6, 5, 28.0, 887560882
-1.646, -7.296, -1.422, -6.882, -6, 5, 28.3, 887560980
-1.652, -7.274, -1.636, -7.204, -6, 5, 28.6, 887561081
-1.643, -7.240, -1.430, -7.459, -6, 5, 27.9, 887561182
-1.645, -7.237, -1.500, -7.417, -6, 5, 28.3, 887561283
-1.636, -7.208, -1.365, -7.041, -6, 5, 28.2, 887561380
-1.633, -7.156, -1.393, -6.622, -6, 5, 28.0, 887561482
-1.621, -7.008, -1.273, -6.338, -6, 5, 28.3, 887561582
-1.620, -6.817, -1.553, -6.257, -6, 5, 28.4, 887561681
-1.606, -6.583, -1.568, -5.921, -6, 5, 28.6, 887561782
-1.601, -6.409, -1.580, -5.966, -6, 5, 28.2, 887561882
-1.593, -6.252, -1.206, -4.797, -6, 5, 28.6, 887561983
-1.592, -6.110, -1.249, -4.914, -6, 5, 28.1, 887562099
-1.581, -6.030, -1.257, -4.964, -6, 5, 28.5, 887562195
-1.578, -5.999, -1.328, -4.987, -6, 5, 28.6, 887562295
-1.575, -5.951, -1.519, -5.465, -6, 5, 28.6, 887562416
-1.567, -5.882, -1.155, -5.461, -6, 5, 28.5, 887562521
-1.561, -5.830, -1.361, -5.651, -6, 5, 28.6, 887562651
-1.560, -5.781, -1.402, -5.077, -6, 5, 28.3, 887562760
-1.562, -5.712, -1.498, -5.368, -6, 5, 28.2, 887562886
-1.555, -5.686, -1.435, -5.596, -6, 5, 28.0, 887562991
-1.551, -5.652, -1.505, -5.362, -6, 5, 27.8, 887563088
-1.559, -5.614, -1.510, -5.480, -6, 5, 28.2, 887563192
-1.560, -5.584, -1.718, -5.341, -6, 5, 28.5, 887563309
-1.561, -5.548, -1.215, -5.037, -6, 5, 28.3, 887563406
-1.566, -5.536, -1.349, -5.497, -6, 5, 28.2, 887563494
-1.567, -5.516, -1.601, -5.338, -6, 5, 27.7, 887563611
-1.567, -5.496, -1.874, -5.004, -6, 5, 28.4, 887563734
-1.566, -5.476, -1.197, -5.016, -6, 5, 28.5, 887563853
-1.574, -5.478, -1.421, -5.678, -6, 5, 28.4, 887563934
-1.585, -5.464, -1.641, -5.612, -6, 5, 28.7, 887564049
-1.582, -5.436, -1.844, -4.827, -6, 5, 28.0, 887564150
-1.580, -5.420, -1.703, -5.819, -6, 5, 28.2, 887564249
-1.585, -5.415, -1.088, -5.151, -6, 5, 28.1, 887564352
-1.591, -5.418, -1.589, -5.680, -6, 5, 28.0, 887564435
-1.579, -5.427, -1.620, -5.645, -6, 5, 28.5, 887564548
-1.584, -5.425, -0.972, -5.383, -6, 5, 28.6, 887564650
-1.590, -5.429, -0.906, -4.920, -6, 5, 28.0, 887564745
-1.592, -5.432, -1.202, -5.523, -6, 5, 28.2, 887564868
-1.596, -5.424, -0.575, -5.057, -6, 5, 28.3, 887564988
-1.590, -5.421, -1.435, -5.662, -6, 5, 28.1, 887565087
-1.583, -5.418, -1.596, -5.792, -6, 5, 28.0, 887565186
-1.578, -5.410, -1.195, -5.145, -6, 5, 28.2, 887565274
-1.569, -5.390, -1.143, -5.383, -6, 5, 28.1, 887565389
-1.565, -5.393, -1.309, -5.083, -6, 5, 28.2, 887565490
-1.566, -5.394, -1.124, -5.576, -6, 5, 28.3, 887565584
-1.560, -5.400, -1.452, -5.804, -6, 5, 27.9, 887565687
-1.565, -5.392, -1.307, -5.007, -6, 5, 28.1, 887565787
-1.556, -5.373, -1.096, -5.531, -6, 5, 28.2, 887565888
-1.561, -5.381, -1.581, -5.548, -6, 5, 28.3, 887565988
-1.561, -5.409, -1.501, -5.877, -6, 5, 28.1, 887566086
-1.561, -5.427, -1.154, -5.747, -6, 5, 28.1, 887566184
-1.569, -5.442, -1.371, -5.249, -6, 5, 28.4, 887566287
-1.567, -5.435, -1.572, -5.585, -6, 5, 27.8, 887566393
-1.564, -5.431, -1.434, -5.715, -6, 5, 28.8, 887566494
-1.560, -5.442, -1.294, -5.379, -6, 5, 28.4, 887566592
-1.572, -5.461, -1.622, -5.909, -6, 5, 28.3, 887566686
-1.567, -5.457, -1.309, -5.392, -6, 5, 28.4, 887566795
-1.564, -5.467, -1.162, -5.343, -6, 5, 28.7, 887566877
-1.561, -5.482, -1.342, -5.916, -6, 5, 28.0, 887566990
-1.559, -5.492, -1.154, -5.176, -6, 5, 27.8, 887567089
-1.565, -5.507, -1.553, -5.808, -6, 5, 27.8, 887567214
-1.568, -5.510, -1.340, -4.854, -6, 5, 28.6, 887567333
-1.565, -5.514, -1.307, -5.400, -6, 5, 28.1, 887567457
-1.568, -5.529, -1.422, -5.226, -6, 5, 28.1, 887567592
-1.565, -5.528, -1.240, -5.031, -6, 5, 28.6, 887567696
-1.567, -5.531, -1.497, -5.732, -6, 5, 28.0, 887567773
-1.570, -5.537, -1.445, -5.278, -3, 5, 27.7, 887567927
-1.568, -5.470, -1.576, -5.802, -3, 5, 28.3, 887568036
-1.564, -5.325, -1.442, -5.388, -3, 5, 28.2, 887568134
-1.554, -5.067, -1.413, -4.707, -3, 5, 28.3, 887568234
-1.554, -4.968, -1.449, -4.035, -3, 5, 28.1, 887568332
-1.547, -4.858, -1.550, -4.350, -3, 5, 28.2, 887568435
-1.546, -4.818, -1.422, -3.906, -3, 5, 28.3, 887568536
-1.548, -4.804, -1.574, -4.639, -3, 5, 28.1, 887568632
-1.548, -4.780, -1.378, -4.203, -3, 5, 28.4, 887568733
-1.546, -4.756, -1.314, -4.508, -3, 5, 28.3, 887568830
-1.545, -4.744, -1.303, -4.603, -3, 5, 28.9, 887568929
-1.548, -4.690, -1.579, -4.417, -3, 5, 28.0, 887569040
-1.553, -4.632, -1.552, -3.814, -3, 5, 28.1, 887569137
-1.555, -4.588, -1.305, -4.476, -3, 5, 27.9, 887569237
-1.551, -4.559, -1.342, -4.347, -3, 5, 28.4, 887569343
-1.547, -4.531, -1.528, -4.313, -3, 5, 27.9, 887569434
-1.542, -4.503, -1.596, -4.323, -3, 5, 27.8, 887569532
-1.544, -4.454, -1.477, -4.517, -3, 5, 28.3, 887569633
-1.542, -4.410, -1.193, -3.810, -3, 5, 27.8, 887569727
-1.546, -4.381, -1.283, -3.667, -3, 5, 27.8, 887569835
-1.543, -4.303, -1.253, -3.535, -3, 5, 28.4, 887569931
-1.539, -4.289, -1.162, -4.156, -3, 5, 28.0, 887570027
-1.545, -4.269, -1.319, -4.117, -3, 5, 28.4, 887570126
-1.538, -4.247, -1.533, -4.280, -3, 5, 28.2, 887570238
-1.538, -4.201, -1.312, -3.356, -3, 5, 28.1, 887570336
-1.543, -4.174, -1.509, -3.893, -3, 5, 28.1, 887570434
-1.545, -4.158, -1.212, -3.526, -3, 5, 28.4, 887570538
-1.547, -4.126, -1.427, -4.132, -3, 5, 27.8, 887570636
-1.546, -4.087, -1.233, -3.963, -3, 5, 28.5, 887570737
-1.547, -4.066, -1.467, -3.691, -3, 5, 29.1, 887570835
-1.548, -4.038, -1.262, -3.361, -3, 5, 28.0, 887570937
-1.546, -4.015, -1.362, -3.222, -3, 5, 28.3, 887571051
-1.544, -3.978, -1.194, -3.610, -3, 5, 28.5, 887571156
-1.545, -3.954, -1.589, -4.170, -3, 5, 28.3, 887571255
-1.540, -3.945, -1.504, -3.731, -3, 5, 28.5, 887571352
-1.544, -3.915, -1.357, -3.218, -3, 5, 28.2, 887571455
-1.553, -3.889, -1.430, -3.498, -3, 5, 28.4, 887571549
-1.558, -3.874, -1.368, -3.978, -3, 5, 28.3, 887571637
-1.557, -3.857, -1.275, -3.258, -3, 5, 28.1, 887571732
-1.558, -3.820, -1.345, -3.731, -3, 5, 28.3, 887571834
-1.555, -3.795, -1.247, -3.395, -3, 5, 28.1, 887571935
-1.543, -3.781, -1.308, -3.151, -3, 5, 28.6, 887572036
-1.542, -3.776, -1.540, -3.619, -3, 5, 28.3, 887572138
-1.543, -3.775, -1.399, -3.804, -3, 5, 28.0, 887572241
-1.545, -3.756, -1.303, -2.973, -3, 5, 28.1, 887572329
-1.545, -3.738, -1.449, -3.527, -3, 5, 28.0, 887572443
-1.545, -3.725, -1.431, -3.641, -3, 5, 27.9, 887572538
-1.550, -3.700, -1.433, -2.956, -3, 5, 28.2, 887572633
-1.558, -3.688, -1.452, -4.027, -3, 5, 28.6, 887572738
-1.562, -3.653, -1.331, -3.233, -3, 5, 28.4, 887572834
-1.557, -3.620, -1.249, -3.337, -3, 5, 28.6, 887572931
-1.562, -3.575, -1.369, -3.177, -3, 5, 28.4, 887573033
-1.559, -3.565, -1.207, -2.887, -3, 5, 28.3, 887573146
-1.556, -3.558, -1.339, -3.631, -3, 5, 28.5, 887573242
-1.558, -3.547, -1.335, -3.281, -3, 5, 28.6, 887573342
-1.558, -3.529, -1.479, -3.115, -3, 5, 28.3, 887573443
-1.556, -3.528, -1.399, -3.609, -3, 5, 28.5, 887573542
-1.556, -3.518, -1.352, -2.845, -3, 5, 28.3, 887573630
-1.564, -3.509, -1.438, -3.619, -3, 5, 28.1, 887573734
-1.562, -3.500, -1.398, -2.904, -3, 5, 28.3, 887573835
-1.562, -3.490, -1.444, -3.352, -3, 5, 28.5, 887573935
-1.568, -3.485, -1.463, -3.364, -3, 5, 28.3, 887574036
-1.576, -3.473, -1.398, -3.090, -3, 5, 28.7, 887574133
-1.580, -3.468, -1.629, -3.771, -3, 5, 28.3, 887574232
-1.574, -3.461, -1.186, -2.960, -3, 5, 28.7, 887574310
-1.578, -3.447, -1.444, -3.198, -3, 5, 28.2, 887574416
-1.573, -3.447, -1.141, -2.874, -3, 5, 28.2, 887574508
-1.571, -3.433, -1.397, -3.443, -3, 5, 27.9, 887574615
-1.561, -3.422, -1.137, -2.779, -3, 5, 28.3, 887574731
-1.558, -3.404, -1.361, -3.455, -3, 5, 28.1, 887574842
-1.552, -3.388, -1.240, -3.026, -3, 5, 28.6, 887574956
-1.558, -3.376, -1.471, -3.228, -3, 5, 28.5, 887575054
-1.555, -3.354, -1.504, -3.238, -3, 5, 27.9, 887575157
-1.552, -3.360, -1.269, -3.641, -3, 5, 28.6, 887575254
-1.555, -3.356, -1.293, -3.382, -3, 5, 28.2, 887575370
-1.555, -3.362, -1.480, -3.645, -3, 5, 27.9, 887575481
-1.558, -3.332, -1.535, -3.194, -3, 5, 27.9, 887575580
-1.556, -3.323, -1.254, -2.656, -3, 5, 28.4, 887575690
-1.553, -3.300, -1.415, -2.993, -3, 5, 28.7, 887575800
-1.551, -3.301, -1.284, -2.682, -3, 5, 27.9, 887575913
-1.551, -3.311, -1.439, -3.244, -3, 5, 28.5, 887576010
-1.550, -3.314, -1.429, -2.997, -3, 5, 28.4, 887576109
-1.553, -3.317, -1.420, -3.752, -3, 5, 28.7, 887576208
-1.549, -3.307, -1.301, -3.016, -3, 5, 28.0, 887576314
-1.543, -3.298, -1.142, -3.479, -3, 5, 28.2, 887576412
-1.540, -3.295, -1.470, -3.080, -3, 5, 28.4, 887576513
-1.541, -3.291, -1.486, -3.505, -3, 5, 28.1, 887576613
-1.542, -3.273, -1.435, -2.684, -3, 5, 28.2, 887576713
-1.540, -3.262, -1.457, -3.507, -3, 5, 28.1, 887576820
-1.537, -3.252, -1.282, -2.850, -3, 5, 28.3, 887576911
-1.530, -3.251, -1.137, -3.657, -3, 5, 28.4, 887577012
-1.521, -3.238, -1.328, -3.017, -3, 5, 28.5, 887577112
-1.523, -3.221, -1.340, -2.998, -3, 5, 27.8, 887577212
-1.532, -3.209, -1.425, -3.136, -3, 5, 28.3, 887577312
-1.538, -3.205, -1.511, -2.806, -3, 5, 28.9, 887577413
-1.535, -3.210, -1.291, -3.356, -3, 5, 28.2, 887577552
-1.538, -3.180, -1.341, -2.651, -3, 5, 28.1, 887577656
-1.532, -3.182, -1.523, -3.729, -3, 5, 28.5, 887577756
-1.526, -3.169, -1.200, -2.775, -3, 5, 28.4, 887577856
-1.525, -3.159, -1.377, -3.560, -3, 5, 28.5, 887577956
-1.528, -3.152, -1.294, -2.931, -3, 5, 28.3, 887578053
-1.532, -3.151, -1.365, -2.943, -3, 5, 28.4, 887578154
-1.534, -3.153, -1.257, -3.312, -3, 5, 28.5, 887578255
-1.538, -3.155, -1.227, -3.175, -3, 5, 27.9, 887578358
-1.534, -3.155, -1.285, -3.492, -3, 5, 28.6, 887578458
-1.531, -3.142, -1.253, -2.824, -3, 5, 28.3, 887578557
-1.527, -3.134, -1.342, -3.308, -3, 5, 28.7, 887578659
-1.533, -3.124, -1.321, -2.928, -3, 5, 28.4, 887578761
-1.535, -3.134, -1.385, -3.462, -3, 5, 27.7, 887578858
-1.530, -3.138, -1.331, -3.086, -3, 5, 28.1, 887578958
-1.530, -3.135, -1.351, -3.282, -3, 5, 28.2, 887579089
-1.529, -3.150, -1.522, -3.291, -3, 5, 27.8, 887579209
-1.527, -3.137, -1.309, -3.405, -3, 5, 28.6, 887579318
-1.526, -3.147, -1.307, -3.291, -3, 5, 27.9, 887579431
-1.522, -3.117, -1.473, -3.418, -3, 5, 28.6, 887579562
-1.529, -3.131, -1.450, -3.376, -3, 5, 28.2, 887579671
-1.537, -3.114, -1.392, -2.730, -3, 5, 27.9, 887579788
-1.537, -3.129, -1.218, -3.528, -3, 5, 28.3, 887579890
-1.534, -3.113, -1.282, -2.866, -3, 5, 28.1, 887579988
-1.526, -3.120, -1.336, -3.120, -3, 5, 28.1, 887580093
-1.526, -3.125, -1.226, -3.746, -3, 5, 28.2, 887580187
-1.522, -3.116, -1.423, -3.345, -3, 5, 28.4, 887580287
-1.521, -3.119, -1.354, -2.555, -3, 5, 28.1, 887580394
-1.525, -3.111, -1.341, -3.129, -3, 5, 28.4, 887580498
-1.533, -3.121, -1.409, -3.225, -3, 5, 28.5, 887580586
-1.531, -3.117, -1.259, -3.317, -3, 5, 28.4, 887580686
-1.537, -3.104, -1.271, -2.738, -3, 5, 28.5, 887580786
-1.539, -3.105, -1.247, -3.200, -3, 5, 28.3, 887580884
-1.531, -3.105, -1.165, -3.498, -3, 5, 28.4, 887580995
-1.527, -3.098, -1.281, -2.685, -3, 5, 28.1, 887581088
-1.522, -3.102, -1.359, -3.408, -3, 5, 28.0, 887581188
-1.528, -3.095, -1.463, -2.602, -3, 5, 28.1, 887581288
-1.528, -3.107, -1.343, -3.336, -3, 5, 28.3, 887581408
-1.520, -3.109, -1.181, -3.358, -3, 5, 28.0, 887581495
-1.524, -3.100, -1.428, -3.507, -3, 5, 28.5, 887581590
-1.524, -3.114, -1.341, -3.392, -3, 5, 28.7, 887581693
-1.531, -3.104, -1.457, -3.543, -3, 5, 28.4, 887581790
-1.531, -3.076, -1.110, -3.487, -3, 5, 28.2, 887581888
-1.530, -3.089, -1.301, -3.613, -3, 5, 28.4, 887581991
-1.527, -3.089, -1.255, -3.468, -3, 5, 28.6, 887582093
-1.518, -3.073, -1.201, -3.127, -3, 5, 28.1, 887582188
-1.516, -3.065, -1.046, -2.736, -3, 5, 28.0, 887582290
-1.519, -3.065, -1.434, -2.935, -3, 5, 28.2, 887582389
-1.520, -3.070, -1.345, -2.684, -3, 5, 27.9, 887582491
-1.519, -3.033, -1.157, -2.485, -3, 5, 28.1, 887582593
-1.521, -3.023, -1.381, -2.538, -3, 5, 28.5, 887582691
-1.522, -3.020, -1.102, -2.531, -3, 5, 28.4, 887582791
-1.524, -3.015, -1.458, -3.201, -3, 5, 28.2, 887582872
-1.530, -3.009, -1.509, -2.591, 3, 5, 28.6, 887583031
-1.533, -2.928, -1.508, -2.937, 3, 5, 28.3, 887583135
-1.545, -2.693, -1.762, -2.551, 3, 5, 28.4, 887583233
-1.544, -2.200, -1.289, -1.322, 3, 5, 28.1, 887583332
-1.538, -1.737, -1.480, -0.615, 3, 5, 28.6, 887583482
-1.530, -1.156, -1.360, 1.070, 3, 5, 28.4, 887583567
-1.525, -0.775, -1.325, 1.171, 3, 5, 27.8, 887583665
-1.525, -0.695, -1.188, 0.533, 3, 5, 28.2, 887583765
-1.518, -0.632, -1.739, 0.291, 3, 5, 28.2, 887583897
-1.518, -0.599, -1.120, -0.057, 3, 5, 27.9, 887583996
-1.515, -0.534, -1.326, -0.098, 3, 5, 28.4, 887584094
-1.523, -0.413, -1.464, 0.169, 3, 5, 28.7, 887584197
-1.532, -0.278, -1.549, 0.291, 3, 5, 28.6, 887584293
-1.530, -0.155, -1.353, 0.355, 3, 5, 28.4, 887584397
-1.534, -0.066, -1.459, 0.628, 3, 5, 28.7, 887584498
-1.530, 0.009, -1.041, 0.944, 3, 5, 28.2, 887584595
-1.523, 0.058, -1.182, 0.428, 3, 5, 28.2, 887584691
-1.522, 0.147, -1.169, 1.532, 3, 5, 28.2, 887584791
-1.521, 0.233, -0.995, 1.293, 3, 5, 28.2, 887584896
-1.513, 0.312, -1.253, 0.710, 3, 5, 27.9, 887584995
-1.517, 0.385, -1.517, 0.729, 3, 5, 28.2, 887585094
-1.509, 0.463, -1.145, 1.513, 3, 5, 28.0, 887585194
-1.518, 0.553, -1.276, 1.803, 3, 5, 28.0, 887585296
-1.523, 0.639, -1.509, 1.184, 3, 5, 28.1, 887585394
-1.524, 0.719, -1.384, 0.857, 3, 5, 28.2, 887585496
-1.530, 0.813, -1.374, 2.114, 3, 5, 28.3, 887585595
-1.533, 0.892, -1.337, 2.199, 3, 5, 28.1, 887585692
-1.531, 0.984, -1.322, 1.184, 3, 5, 28.9, 887585790
-1.537, 1.082, -1.320, 2.068, 3, 5, 28.1, 887585891
-1.534, 1.175, -1.052, 2.113, 3, 5, 28.4, 887585997
-1.537, 1.279, -1.391, 1.309, 3, 5, 28.4, 887586098
-1.529, 1.361, -1.393, 2.263, 3, 5, 28.5, 887586194
-1.526, 1.404, -1.183, 2.713, 3, 5, 28.9, 887586300
-1.526, 1.500, -1.237, 2.225, 3, 5, 28.6, 887586417
-1.533, 1.586, -1.228, 2.408, 3, 5, 28.2, 887586514
-1.531, 1.655, -0.995, 1.618, 3, 5, 28.2, 887586615
-1.538, 1.747, -1.433, 2.931, 3, 5, 28.3, 887586735
-1.541, 1.797, -1.471, 1.665, 3, 5, 28.6, 887586839
-1.542, 1.876, -0.707, 3.039, 3, 5, 28.6, 887586954
-1.538, 1.941, -1.108, 1.876, 3, 5, 28.7, 887587057
-1.541, 2.002, -1.170, 2.855, 3, 5, 28.3, 887587160
-1.542, 2.064, -1.386, 2.659, 3, 5, 28.5, 887587263
-1.541, 2.114, -1.140, 2.858, 3, 5, 28.3, 887587360
-1.539, 2.168, -1.491, 3.305, 3, 5, 28.7, 887587457
-1.541, 2.217, -1.224, 2.146, 3, 5, 28.4, 887587561
-1.540, 2.259, -1.457, 2.657, 3, 5, 28.1, 887587656
-1.545, 2.319, -1.347, 3.410, 3, 5, 28.5, 887587759
-1.545, 2.372, -1.753, 2.343, 3, 5, 28.0, 887587856
-1.545, 2.418, -1.466, 2.851, 3, 5, 28.6, 887587957
-1.545, 2.458, -1.305, 3.227, 3, 5, 28.6, 887588060
-1.542, 2.470, -1.185, 2.184, 3, 5, 28.2, 887588160
-1.535, 2.513, -1.024, 3.377, 3, 5, 28.6, 887588258
-1.533, 2.551, -1.526, 2.906, 3, 5, 28.3, 887588356
-1.530, 2.578, -1.433, 2.347, 3, 5, 28.6, 887588458
-1.526, 2.628, -1.317, 3.378, 3, 5, 28.1, 887588556
-1.524, 2.659, -1.165, 2.582, 3, 5, 27.8, 887588658
-1.537, 2.689, -1.482, 3.756, 3, 5, 28.8, 887588788
-1.537, 2.710, -1.752, 2.417, 3, 5, 28.5, 887588885
-1.532, 2.763, -1.113, 3.631, 3, 5, 28.4, 887589001
-1.538, 2.765, -1.504, 2.272, 3, 5, 28.6, 887589104
-1.536, 2.772, -1.439, 3.218, 3, 5, 28.2, 887589200
-1.528, 2.793, -1.344, 3.353, 3, 5, 28.4, 887589299
-1.526, 2.802, -1.326, 2.329, 3, 5, 28.6, 887589401
-1.530, 2.828, -1.206, 3.702, 3, 5, 28.4, 887589498
-1.536, 2.845, -1.435, 2.920, 3, 5, 28.7, 887589601
-1.540, 2.849, -1.297, 2.618, 3, 5, 28.6, 887589696
-1.543, 2.884, -1.056, 3.775, 3, 5, 28.2, 887589805
-1.543, 2.907, -1.323, 2.768, 3, 5, 28.4, 887589898
-1.544, 2.932, -1.307, 3.754, 3, 5, 28.8, 887590019
-1.544, 2.949, -1.507, 2.959, 3, 5, 28.3, 887590118
-1.545, 2.977, -1.326, 3.867, 3, 5, 28.0, 887590231
-1.545, 2.997, -1.369, 2.697, 3, 5, 28.3, 887590329
-1.546, 3.017, -1.522, 3.400, 3, 5, 28.9, 887590434
-1.545, 3.008, -1.141, 3.352, 3, 5, 28.4, 887590515
-1.541, 3.012, -1.300, 3.904, 3, 5, 28.7, 887590620
-1.538, 3.017, -1.444, 2.646, 3, 5, 28.5, 887590730
-1.530, 3.042, -1.087, 3.705, 3, 5, 28.1, 887590828
-1.532, 3.051, -1.221, 3.899, 3, 5, 28.2, 887590915
-1.535, 3.058, -1.351, 2.995, 3, 5, 28.6, 887591029
-1.532, 3.059, -1.344, 2.471, 3, 5, 28.2, 887591129
-1.525, 3.058, -1.109, 3.530, 3, 5, 28.2, 887591227
-1.523, 3.062, -1.104, 3.595, 3, 5, 28.5, 887591331
-1.521, 3.069, -1.356, 2.850, 3, 5, 28.1, 887591441
-1.529, 3.094, -1.368, 3.276, 3, 5, 28.3, 887591572
-1.524, 3.096, -0.898, 3.049, 3, 5, 28.1, 887591697
-1.522, 3.107, -1.334, 2.677, 3, 5, 28.4, 887591833
-1.532, 3.125, -1.226, 3.826, 3, 5, 28.1, 887591928
-1.532, 3.146, -1.443, 3.572, 3, 5, 28.4, 887592029
-1.536, 3.146, -1.423, 2.838, 3, 5, 28.5, 887592132
-1.536, 3.153, -1.255, 3.961, 3, 5, 28.2, 887592232
-1.535, 3.148, -1.358, 2.839, 3, 5, 28.0, 887592364
-1.536, 3.156, -1.189, 3.698, 3, 5, 28.1, 887592483
-1.527, 3.158, 0.106, 3.353, 3, 5, 28.4, 887592610
-1.508, 2.534, -1.511, 3.166, 3, 5, 28.5, 887592705
-1.507, 0.596, -1.192, 1.248, 3, 5, 28.1, 887592828
-1.522, -2.392, -1.402, -1.436, 3, 5, 28.1, 887592930
-1.550, -4.758, -1.433, -3.791, 3, 5, 28.6, 887593032
-1.572, -6.484, -1.271, -5.517, 3, 5, 28.3, 887593139